,start_position,end_position,measure,bytes_processed
0,0.0,100000.0,30065.0,538688.0
1,100000.0,200000.0,9811.0,359112.0
2,200000.0,300000.0,48385.0,896288.0
3,300000.0,400000.0,48013.0,1261528.0
4,400000.0,500000.0,49339.0,940576.0
5,500000.0,600000.0,46744.0,1270240.0
6,600000.0,700000.0,48405.0,920752.0
7,700000.0,800000.0,46302.0,1173744.0
8,800000.0,900000.0,41202.0,1170768.0
9,900000.0,1000000.0,47205.0,908896.0
10,1000000.0,1100000.0,44578.0,1153520.0
11,1100000.0,1200000.0,56201.0,1046816.0
12,1200000.0,1300000.0,50195.0,1377504.0
13,1300000.0,1400000.0,52295.0,1009752.0
14,1400000.0,1500000.0,44698.0,1176728.0
15,1500000.0,1600000.0,42528.0,815120.0
16,1600000.0,1700000.0,45176.0,1149216.0
17,1700000.0,1800000.0,36580.0,1046016.0
18,1800000.0,1900000.0,36400.0,722592.0
19,1900000.0,2000000.0,20344.0,482240.0
20,2000000.0,2100000.0,0.0,0.0
21,2100000.0,2200000.0,23265.0,522632.0
22,2200000.0,2300000.0,33735.0,659952.0
23,2300000.0,2400000.0,33554.0,839472.0
24,2400000.0,2500000.0,29597.0,779120.0
25,2500000.0,2600000.0,26014.0,517280.0
26,2600000.0,2700000.0,27882.0,705944.0
27,2700000.0,2800000.0,27180.0,512480.0
28,2800000.0,2900000.0,18447.0,507488.0
29,2900000.0,3000000.0,19506.0,386784.0
30,3000000.0,3100000.0,19688.0,491008.0
31,3100000.0,3200000.0,18187.0,351280.0
32,3200000.0,3300000.0,17545.0,477328.0
33,3300000.0,3400000.0,21517.0,515824.0
34,3400000.0,3500000.0,18376.0,352480.0
35,3500000.0,3600000.0,19805.0,512208.0
36,3600000.0,3700000.0,21551.0,415360.0
37,3700000.0,3800000.0,20134.0,532288.0
38,3800000.0,3900000.0,10993.0,233152.0
39,3900000.0,4000000.0,16030.0,354448.0
40,4000000.0,4100000.0,18948.0,538816.0
41,4100000.0,4200000.0,19641.0,374176.0
42,4200000.0,4300000.0,19778.0,499232.0
43,4300000.0,4400000.0,17685.0,354672.0
44,4400000.0,4500000.0,19960.0,492480.0
45,4500000.0,4600000.0,17690.0,334320.0
46,4600000.0,4700000.0,18663.0,474992.0
47,4700000.0,4800000.0,20467.0,403568.0
48,4800000.0,4900000.0,19413.0,504544.0
49,4900000.0,5000000.0,18080.0,476800.0
50,5000000.0,5100000.0,19423.0,383120.0
51,5100000.0,5200000.0,20283.0,523792.0
52,5200000.0,5300000.0,20073.0,398104.0
53,5300000.0,5400000.0,18090.0,470120.0
54,5400000.0,5500000.0,19018.0,362672.0
55,5500000.0,5600000.0,18425.0,485488.0
56,5600000.0,5700000.0,19160.0,488352.0
57,5700000.0,5800000.0,19484.0,387408.0
58,5800000.0,5900000.0,19239.0,501216.0
59,5900000.0,6000000.0,17451.0,334256.0
60,6000000.0,6100000.0,17098.0,443856.0
61,6100000.0,6200000.0,16431.0,315376.0
62,6200000.0,6300000.0,17677.0,452992.0
63,6300000.0,6400000.0,17945.0,345552.0
64,6400000.0,6500000.0,16545.0,426944.0
65,6500000.0,6600000.0,18977.0,467520.0
66,6600000.0,6700000.0,16833.0,318592.0
67,6700000.0,6800000.0,15885.0,415856.0
68,6800000.0,6900000.0,14989.0,294864.0
69,6900000.0,7000000.0,16815.0,413392.0
70,7000000.0,7100000.0,14628.0,284400.0
71,7100000.0,7200000.0,15912.0,416384.0
72,7200000.0,7300000.0,16841.0,424720.0
73,7300000.0,7400000.0,15919.0,303984.0
74,7400000.0,7500000.0,15124.0,389200.0
75,7500000.0,7600000.0,15859.0,322416.0
76,7600000.0,7700000.0,16329.0,414496.0
77,7700000.0,7800000.0,14132.0,274384.0
78,7800000.0,7900000.0,17476.0,417520.0
79,7900000.0,8000000.0,15341.0,301088.0
80,8000000.0,8100000.0,16417.0,414016.0
81,8100000.0,8200000.0,17205.0,434008.0
82,8200000.0,8300000.0,15262.0,299536.0
83,8300000.0,8400000.0,15868.0,430528.0
84,8400000.0,8500000.0,20604.0,385320.0
85,8500000.0,8600000.0,16339.0,469568.0
86,8600000.0,8700000.0,16694.0,321104.0
87,8700000.0,8800000.0,15748.0,409248.0
88,8800000.0,8900000.0,15344.0,407552.0
89,8900000.0,9000000.0,16576.0,316944.0
90,9000000.0,9100000.0,18171.0,451040.0
91,9100000.0,9200000.0,15830.0,307248.0
92,9200000.0,9300000.0,16788.0,438144.0
93,9300000.0,9400000.0,18154.0,369872.0
94,9400000.0,9500000.0,25923.0,589440.0
95,9500000.0,9600000.0,17970.0,356464.0
96,9600000.0,9700000.0,16793.0,453936.0
97,9700000.0,9800000.0,19081.0,499744.0
98,9800000.0,9900000.0,19341.0,368672.0
99,9900000.0,10000000.0,18831.0,482176.0
100,10000000.0,10100000.0,16316.0,316928.0
101,10100000.0,10200000.0,17024.0,443888.0
102,10200000.0,10300000.0,16348.0,312912.0
103,10300000.0,10400000.0,16063.0,405872.0
104,10400000.0,10500000.0,14712.0,385680.0
105,10500000.0,10600000.0,16363.0,314384.0
106,10600000.0,10700000.0,15022.0,408000.0
107,10700000.0,10800000.0,16269.0,315152.0
108,10800000.0,10900000.0,14485.0,371832.0
109,10900000.0,11000000.0,15000.0,287664.0
110,11000000.0,11100000.0,15005.0,386864.0
111,11100000.0,11200000.0,16233.0,302928.0
112,11200000.0,11300000.0,14902.0,394816.0
113,11300000.0,11400000.0,16539.0,405984.0
114,11400000.0,11500000.0,15209.0,295712.0
115,11500000.0,11600000.0,18062.0,436224.0
116,11600000.0,11700000.0,14975.0,287080.0
117,11700000.0,11800000.0,14891.0,392304.0
118,11800000.0,11900000.0,16644.0,312320.0
119,11900000.0,12000000.0,15059.0,377440.0
120,12000000.0,12100000.0,14815.0,379120.0
121,12100000.0,12200000.0,15476.0,294464.0
122,12200000.0,12300000.0,14498.0,392416.0
123,12300000.0,12400000.0,15457.0,292896.0
124,12400000.0,12500000.0,16166.0,413168.0
125,12500000.0,12600000.0,15931.0,301184.0
126,12600000.0,12700000.0,15089.0,382688.0
127,12700000.0,12800000.0,17312.0,329360.0
128,12800000.0,12900000.0,17249.0,444464.0
129,12900000.0,13000000.0,17028.0,420720.0
130,13000000.0,13100000.0,14527.0,279648.0
131,13100000.0,13200000.0,15928.0,397168.0
132,13200000.0,13300000.0,15206.0,286720.0
133,13300000.0,13400000.0,15189.0,395376.0
134,13400000.0,13500000.0,15935.0,309792.0
135,13500000.0,13600000.0,15586.0,392528.0
136,13600000.0,13700000.0,17067.0,441456.0
137,13700000.0,13800000.0,17653.0,342384.0
138,13800000.0,13900000.0,18567.0,468360.0
139,13900000.0,14000000.0,16845.0,323136.0
140,14000000.0,14100000.0,16574.0,424944.0
141,14100000.0,14200000.0,16300.0,324368.0
142,14200000.0,14300000.0,15764.0,408128.0
143,14300000.0,14400000.0,15048.0,316256.0
144,14400000.0,14500000.0,17094.0,427552.0
145,14500000.0,14600000.0,15704.0,401696.0
146,14600000.0,14700000.0,15176.0,286992.0
147,14700000.0,14800000.0,14613.0,398704.0
148,14800000.0,14900000.0,14729.0,280416.0
149,14900000.0,15000000.0,14834.0,403456.0
150,15000000.0,15100000.0,16435.0,314560.0
151,15100000.0,15200000.0,16317.0,410992.0
152,15200000.0,15300000.0,17519.0,444640.0
153,15300000.0,15400000.0,15759.0,302512.0
154,15400000.0,15500000.0,15414.0,384144.0
155,15500000.0,15600000.0,12867.0,259248.0
156,15600000.0,15700000.0,15555.0,401232.0
157,15700000.0,15800000.0,18720.0,352832.0
158,15800000.0,15900000.0,14431.0,393424.0
159,15900000.0,16000000.0,14613.0,281904.0
160,16000000.0,16100000.0,13868.0,365584.0
161,16100000.0,16200000.0,14593.0,389424.0
162,16200000.0,16300000.0,16282.0,308000.0
163,16300000.0,16400000.0,17665.0,436272.0
164,16400000.0,16500000.0,16235.0,314928.0
165,16500000.0,16600000.0,18448.0,448688.0
166,16600000.0,16700000.0,16116.0,315808.0
167,16700000.0,16800000.0,19752.0,502208.0
168,16800000.0,16900000.0,19442.0,478224.0
169,16900000.0,17000000.0,17709.0,331952.0
170,17000000.0,17100000.0,15773.0,395408.0
171,17100000.0,17200000.0,13997.0,266784.0
172,17200000.0,17300000.0,14378.0,373888.0
173,17300000.0,17400000.0,15682.0,292032.0
174,17400000.0,17500000.0,14440.0,365744.0
175,17500000.0,17600000.0,14932.0,286560.0
176,17600000.0,17700000.0,12982.0,350288.0
177,17700000.0,17800000.0,15565.0,375952.0
178,17800000.0,17900000.0,14035.0,270080.0
179,17900000.0,18000000.0,14219.0,364976.0
180,18000000.0,18100000.0,14125.0,283344.0
181,18100000.0,18200000.0,16685.0,413552.0
182,18200000.0,18300000.0,16034.0,307488.0
183,18300000.0,18400000.0,18414.0,455344.0
184,18400000.0,18500000.0,18001.0,345280.0
185,18500000.0,18600000.0,15888.0,402640.0
186,18600000.0,18700000.0,16884.0,418224.0
187,18700000.0,18800000.0,16664.0,321184.0
188,18800000.0,18900000.0,19455.0,471552.0
189,18900000.0,19000000.0,15284.0,297440.0
190,19000000.0,19100000.0,15302.0,395344.0
191,19100000.0,19200000.0,18507.0,344768.0
192,19200000.0,19300000.0,16257.0,416784.0
193,19300000.0,19400000.0,18214.0,477312.0
194,19400000.0,19500000.0,21054.0,407424.0
195,19500000.0,19600000.0,18609.0,474480.0
196,19600000.0,19700000.0,16241.0,303376.0
197,19700000.0,19800000.0,16481.0,406848.0
198,19800000.0,19900000.0,17501.0,333920.0
199,19900000.0,20000000.0,17923.0,455976.0
200,20000000.0,20100000.0,17115.0,339728.0
201,20100000.0,20200000.0,17045.0,440480.0
202,20200000.0,20300000.0,15302.0,390592.0
203,20300000.0,20400000.0,16161.0,305872.0
204,20400000.0,20500000.0,14321.0,385280.0
205,20500000.0,20600000.0,16129.0,309040.0
206,20600000.0,20700000.0,15494.0,428240.0
207,20700000.0,20800000.0,17593.0,332016.0
208,20800000.0,20900000.0,16631.0,421760.0
209,20900000.0,21000000.0,14161.0,380352.0
210,21000000.0,21100000.0,18245.0,340000.0
211,21100000.0,21200000.0,14807.0,438288.0
212,21200000.0,21300000.0,18017.0,340864.0
213,21300000.0,21400000.0,18103.0,435424.0
214,21400000.0,21500000.0,14918.0,280112.0
215,21500000.0,21600000.0,14043.0,356464.0
216,21600000.0,21700000.0,14312.0,271408.0
217,21700000.0,21800000.0,13900.0,361808.0
218,21800000.0,21900000.0,16276.0,406880.0
219,21900000.0,22000000.0,19182.0,368608.0
220,22000000.0,22100000.0,17042.0,445808.0
221,22100000.0,22200000.0,15166.0,296304.0
222,22200000.0,22300000.0,20103.0,477776.0
223,22300000.0,22400000.0,17761.0,341584.0
224,22400000.0,22500000.0,18907.0,494096.0
225,22500000.0,22600000.0,17377.0,481280.0
226,22600000.0,22700000.0,18880.0,353664.0
227,22700000.0,22800000.0,16998.0,449456.0
228,22800000.0,22900000.0,18923.0,376160.0
229,22900000.0,23000000.0,17235.0,463664.0
230,23000000.0,23100000.0,15880.0,312672.0
231,23100000.0,23200000.0,17868.0,450032.0
232,23200000.0,23300000.0,18172.0,352312.0
233,23300000.0,23400000.0,17737.0,441360.0
234,23400000.0,23500000.0,20043.0,497792.0
235,23500000.0,23600000.0,17645.0,338560.0
236,23600000.0,23700000.0,19038.0,480400.0
237,23700000.0,23800000.0,23164.0,452080.0
238,23800000.0,23900000.0,20317.0,543968.0
239,23900000.0,24000000.0,19027.0,372272.0
240,24000000.0,24100000.0,23737.0,591536.0
241,24100000.0,24200000.0,18929.0,490352.0
242,24200000.0,24300000.0,18432.0,372480.0
243,24300000.0,24400000.0,17267.0,435776.0
244,24400000.0,24500000.0,16682.0,316928.0
245,24500000.0,24600000.0,15359.0,403184.0
246,24600000.0,24700000.0,18575.0,350464.0
247,24700000.0,24800000.0,15851.0,420864.0
248,24800000.0,24900000.0,14558.0,280768.0
249,24900000.0,25000000.0,16741.0,413904.0
250,25000000.0,25100000.0,17306.0,424080.0
251,25100000.0,25200000.0,14270.0,280256.0
252,25200000.0,25300000.0,15328.0,397808.0
253,25300000.0,25400000.0,15719.0,296400.0
254,25400000.0,25500000.0,14475.0,359840.0
255,25500000.0,25600000.0,14809.0,280544.0
256,25600000.0,25700000.0,15110.0,385104.0
257,25700000.0,25800000.0,16018.0,444016.0
258,25800000.0,25900000.0,18073.0,343216.0
259,25900000.0,26000000.0,16233.0,415296.0
260,26000000.0,26100000.0,18526.0,345664.0
261,26100000.0,26200000.0,16174.0,460512.0
262,26200000.0,26300000.0,15957.0,305392.0
263,26300000.0,26400000.0,15018.0,396104.0
264,26400000.0,26500000.0,14882.0,278304.0
265,26500000.0,26600000.0,14065.0,369472.0
266,26600000.0,26700000.0,15205.0,386368.0
267,26700000.0,26800000.0,14643.0,283440.0
268,26800000.0,26900000.0,14864.0,371696.0
269,26900000.0,27000000.0,16662.0,330800.0
270,27000000.0,27100000.0,18174.0,480096.0
271,27100000.0,27200000.0,16627.0,319344.0
272,27200000.0,27300000.0,16567.0,423152.0
273,27300000.0,27400000.0,18234.0,477680.0
274,27400000.0,27500000.0,19901.0,394976.0
275,27500000.0,27600000.0,18877.0,478352.0
276,27600000.0,27700000.0,15780.0,306448.0
277,27700000.0,27800000.0,16271.0,407472.0
278,27800000.0,27900000.0,15672.0,303440.0
279,27900000.0,28000000.0,16184.0,406800.0
280,28000000.0,28100000.0,15909.0,307328.0
281,28100000.0,28200000.0,15597.0,441944.0
282,28200000.0,28300000.0,16972.0,412184.0
283,28300000.0,28400000.0,15253.0,303248.0
284,28400000.0,28500000.0,15971.0,402176.0
285,28500000.0,28600000.0,14430.0,281536.0
286,28600000.0,28700000.0,14873.0,392704.0
287,28700000.0,28800000.0,17207.0,325312.0
288,28800000.0,28900000.0,15890.0,411952.0
289,28900000.0,29000000.0,16272.0,407760.0
290,29000000.0,29100000.0,16289.0,313488.0
291,29100000.0,29200000.0,16809.0,447120.0
292,29200000.0,29300000.0,17460.0,338608.0
293,29300000.0,29400000.0,20255.0,479456.0
294,29400000.0,29500000.0,16905.0,325808.0
295,29500000.0,29600000.0,17036.0,439984.0
296,29600000.0,29700000.0,15720.0,305440.0
297,29700000.0,29800000.0,16061.0,441504.0
298,29800000.0,29900000.0,17623.0,465040.0
299,29900000.0,30000000.0,18878.0,350336.0
300,30000000.0,30100000.0,18850.0,476112.0
301,30100000.0,30200000.0,14954.0,293008.0
302,30200000.0,30300000.0,16260.0,422336.0
303,30300000.0,30400000.0,17125.0,325280.0
304,30400000.0,30500000.0,16370.0,417424.0
305,30500000.0,30600000.0,17302.0,472528.0
306,30600000.0,30700000.0,18598.0,351936.0
307,30700000.0,30800000.0,23250.0,574032.0
308,30800000.0,30900000.0,17621.0,386464.0
309,30900000.0,31000000.0,15239.0,387712.0
310,31000000.0,31100000.0,17180.0,322144.0
311,31100000.0,31200000.0,16954.0,438512.0
312,31200000.0,31300000.0,18515.0,362480.0
313,31300000.0,31400000.0,19194.0,492976.0
314,31400000.0,31500000.0,17657.0,476424.0
315,31500000.0,31600000.0,17723.0,333144.0
316,31600000.0,31700000.0,15569.0,407424.0
317,31700000.0,31800000.0,16404.0,315424.0
318,31800000.0,31900000.0,17349.0,433984.0
319,31900000.0,32000000.0,16190.0,317376.0
320,32000000.0,32100000.0,17602.0,436160.0
321,32100000.0,32200000.0,17418.0,454992.0
322,32200000.0,32300000.0,19050.0,377376.0
323,32300000.0,32400000.0,21274.0,548720.0
324,32400000.0,32500000.0,23033.0,454432.0
325,32500000.0,32600000.0,23625.0,610272.0
326,32600000.0,32700000.0,24523.0,470768.0
327,32700000.0,32800000.0,27259.0,680512.0
328,32800000.0,32900000.0,25637.0,484176.0
329,32900000.0,33000000.0,19522.0,569488.0
330,33000000.0,33100000.0,20151.0,511936.0
331,33100000.0,33200000.0,17519.0,334448.0
332,33200000.0,33300000.0,16680.0,437984.0
333,33300000.0,33400000.0,17320.0,328544.0
334,33400000.0,33500000.0,16365.0,438672.0
335,33500000.0,33600000.0,17803.0,336960.0
336,33600000.0,33700000.0,15932.0,414176.0
337,33700000.0,33800000.0,15898.0,403712.0
338,33800000.0,33900000.0,15600.0,299712.0
339,33900000.0,34000000.0,16595.0,415040.0
340,34000000.0,34100000.0,14670.0,297984.0
341,34100000.0,34200000.0,17743.0,431616.0
342,34200000.0,34300000.0,15951.0,303904.0
343,34300000.0,34400000.0,15962.0,419184.0
344,34400000.0,34500000.0,18665.0,358672.0
345,34500000.0,34600000.0,16562.0,440416.0
346,34600000.0,34700000.0,16141.0,419952.0
347,34700000.0,34800000.0,17232.0,334784.0
348,34800000.0,34900000.0,18036.0,454080.0
349,34900000.0,35000000.0,17272.0,336960.0
350,35000000.0,35100000.0,16402.0,420608.0
351,35100000.0,35200000.0,15268.0,289808.0
352,35200000.0,35300000.0,15128.0,394832.0
353,35300000.0,35400000.0,15385.0,293264.0
354,35400000.0,35500000.0,16636.0,406816.0
355,35500000.0,35600000.0,15883.0,449552.0
356,35600000.0,35700000.0,18344.0,348192.0
357,35700000.0,35800000.0,14254.0,384032.0
358,35800000.0,35900000.0,15422.0,297344.0
359,35900000.0,36000000.0,15732.0,402208.0
360,36000000.0,36100000.0,14778.0,276528.0
361,36100000.0,36200000.0,14871.0,378912.0
362,36200000.0,36300000.0,14872.0,364880.0
363,36300000.0,36400000.0,15219.0,292240.0
364,36400000.0,36500000.0,16310.0,399856.0
365,36500000.0,36600000.0,15987.0,304544.0
366,36600000.0,36700000.0,15010.0,419168.0
367,36700000.0,36800000.0,15741.0,298880.0
368,36800000.0,36900000.0,14109.0,375152.0
369,36900000.0,37000000.0,15338.0,292688.0
370,37000000.0,37100000.0,14985.0,340696.0
371,37100000.0,37200000.0,0.0,18808.0
372,37200000.0,37300000.0,5377.0,129664.0
373,37300000.0,37400000.0,15479.0,415840.0
374,37400000.0,37500000.0,14875.0,298912.0
375,37500000.0,37600000.0,17136.0,418992.0
376,37600000.0,37700000.0,14419.0,276640.0
377,37700000.0,37800000.0,14956.0,371872.0
378,37800000.0,37900000.0,16114.0,398432.0
379,37900000.0,38000000.0,15395.0,295168.0
380,38000000.0,38100000.0,14826.0,379200.0
381,38100000.0,38200000.0,14718.0,279680.0
382,38200000.0,38300000.0,15093.0,383216.0
383,38300000.0,38400000.0,15233.0,291712.0
384,38400000.0,38500000.0,15115.0,386816.0
385,38500000.0,38600000.0,15133.0,301344.0
386,38600000.0,38700000.0,13195.0,341216.0
387,38700000.0,38800000.0,15615.0,386368.0
388,38800000.0,38900000.0,15010.0,290688.0
389,38900000.0,39000000.0,15153.0,383728.0
390,39000000.0,39100000.0,15371.0,296144.0
391,39100000.0,39200000.0,16264.0,420528.0
392,39200000.0,39300000.0,16346.0,312208.0
393,39300000.0,39400000.0,15396.0,410992.0
394,39400000.0,39500000.0,16106.0,403760.0
395,39500000.0,39600000.0,15441.0,324432.0
396,39600000.0,39700000.0,17178.0,418144.0
397,39700000.0,39800000.0,16082.0,308672.0
398,39800000.0,39900000.0,17461.0,437328.0
399,39900000.0,40000000.0,16734.0,327408.0
400,40000000.0,40100000.0,19501.0,484864.0
401,40100000.0,40200000.0,19441.0,370704.0
402,40200000.0,40300000.0,19149.0,488624.0
403,40300000.0,40400000.0,16352.0,416352.0
404,40400000.0,40500000.0,15629.0,300352.0
405,40500000.0,40600000.0,17388.0,477216.0
406,40600000.0,40700000.0,16474.0,311008.0
407,40700000.0,40800000.0,15567.0,383664.0
408,40800000.0,40900000.0,16011.0,307232.0
409,40900000.0,41000000.0,18724.0,468752.0
410,41000000.0,41100000.0,18008.0,480256.0
411,41100000.0,41200000.0,17356.0,341792.0
412,41200000.0,41300000.0,20143.0,495552.0
413,41300000.0,41400000.0,20622.0,393616.0
414,41400000.0,41500000.0,19803.0,516512.0
415,41500000.0,41600000.0,15931.0,307120.0
416,41600000.0,41700000.0,15555.0,386032.0
417,41700000.0,41800000.0,14800.0,281632.0
418,41800000.0,41900000.0,15133.0,387984.0
419,41900000.0,42000000.0,15317.0,393488.0
420,42000000.0,42100000.0,15277.0,292880.0
421,42100000.0,42200000.0,14783.0,391968.0
422,42200000.0,42300000.0,15995.0,302880.0
423,42300000.0,42400000.0,14844.0,388048.0
424,42400000.0,42500000.0,16375.0,301936.0
425,42500000.0,42600000.0,15363.0,388752.0
426,42600000.0,42700000.0,15932.0,420176.0
427,42700000.0,42800000.0,16028.0,307488.0
428,42800000.0,42900000.0,16681.0,419280.0
429,42900000.0,43000000.0,16444.0,316464.0
430,43000000.0,43100000.0,15494.0,391408.0
431,43100000.0,43200000.0,15505.0,301088.0
432,43200000.0,43300000.0,14932.0,403832.0
433,43300000.0,43400000.0,15835.0,294440.0
434,43400000.0,43500000.0,15196.0,382240.0
435,43500000.0,43600000.0,16574.0,417328.0
436,43600000.0,43700000.0,15871.0,298400.0
437,43700000.0,43800000.0,15029.0,386176.0
438,43800000.0,43900000.0,15357.0,293088.0
439,43900000.0,44000000.0,16419.0,403632.0
440,44000000.0,44100000.0,16166.0,309328.0
441,44100000.0,44200000.0,14804.0,390256.0
442,44200000.0,44300000.0,14978.0,378080.0
443,44300000.0,44400000.0,16077.0,305296.0
444,44400000.0,44500000.0,18784.0,478864.0
445,44500000.0,44600000.0,20373.0,417184.0
446,44600000.0,44700000.0,20915.0,536224.0
447,44700000.0,44800000.0,19762.0,395424.0
448,44800000.0,44900000.0,20112.0,517584.0
449,44900000.0,45000000.0,17742.0,351936.0
450,45000000.0,45100000.0,17794.0,446880.0
451,45100000.0,45200000.0,17881.0,428656.0
452,45200000.0,45300000.0,15139.0,291280.0
453,45300000.0,45400000.0,16212.0,399344.0
454,45400000.0,45500000.0,14576.0,286864.0
455,45500000.0,45600000.0,14570.0,380480.0
456,45600000.0,45700000.0,16266.0,310992.0
457,45700000.0,45800000.0,16287.0,417856.0
458,45800000.0,45900000.0,16197.0,418256.0
459,45900000.0,46000000.0,16749.0,323216.0
460,46000000.0,46100000.0,17741.0,449920.0
461,46100000.0,46200000.0,16367.0,307872.0
462,46200000.0,46300000.0,17657.0,447312.0
463,46300000.0,46400000.0,18714.0,354800.0
464,46400000.0,46500000.0,15780.0,448640.0
465,46500000.0,46600000.0,16077.0,302480.0
466,46600000.0,46700000.0,15684.0,393008.0
467,46700000.0,46800000.0,15826.0,410880.0
468,46800000.0,46900000.0,16373.0,309760.0
469,46900000.0,47000000.0,15913.0,390592.0
470,47000000.0,47100000.0,17086.0,326752.0
471,47100000.0,47200000.0,17405.0,464688.0
472,47200000.0,47300000.0,18756.0,351408.0
473,47300000.0,47400000.0,22337.0,534400.0
474,47400000.0,47500000.0,16521.0,439312.0
475,47500000.0,47600000.0,17421.0,332640.0
476,47600000.0,47700000.0,15736.0,408464.0
477,47700000.0,47800000.0,16298.0,308704.0
478,47800000.0,47900000.0,13813.0,382576.0
479,47900000.0,48000000.0,14682.0,279768.0
480,48000000.0,48100000.0,17670.0,465456.0
481,48100000.0,48200000.0,23083.0,437752.0
482,48200000.0,48300000.0,25005.0,630752.0
483,48300000.0,48400000.0,17866.0,440168.0
484,48400000.0,48500000.0,14310.0,276584.0
485,48500000.0,48600000.0,18054.0,462256.0
486,48600000.0,48700000.0,19500.0,366640.0
487,48700000.0,48800000.0,16976.0,413536.0
488,48800000.0,48900000.0,17115.0,322944.0
489,48900000.0,49000000.0,17770.0,486688.0
490,49000000.0,49100000.0,20858.0,521136.0
491,49100000.0,49200000.0,19673.0,368960.0
492,49200000.0,49300000.0,16762.0,487368.0
493,49300000.0,49400000.0,12363.0,219824.0
494,49400000.0,49500000.0,0.0,32.0
495,49500000.0,49600000.0,4252.0,105864.0
496,49600000.0,49700000.0,19839.0,444248.0
497,49700000.0,49800000.0,16132.0,327488.0
498,49800000.0,49900000.0,15914.0,405472.0
499,49900000.0,50000000.0,15685.0,426640.0
500,50000000.0,50100000.0,17095.0,317776.0
501,50100000.0,50200000.0,15072.0,413544.0
502,50200000.0,50300000.0,10859.0,220408.0
503,50300000.0,50400000.0,13671.0,349520.0
504,50400000.0,50500000.0,15251.0,287088.0
505,50500000.0,50600000.0,14088.0,383504.0
506,50600000.0,50700000.0,14679.0,367152.0
507,50700000.0,50800000.0,13933.0,270960.0
508,50800000.0,50900000.0,16500.0,408144.0
509,50900000.0,51000000.0,14943.0,289584.0
510,51000000.0,51100000.0,15227.0,428192.0
511,51100000.0,51200000.0,16945.0,324112.0
512,51200000.0,51300000.0,19032.0,440672.0
513,51300000.0,51400000.0,14314.0,274752.0
514,51400000.0,51500000.0,14747.0,397456.0
515,51500000.0,51600000.0,21212.0,518560.0
516,51600000.0,51700000.0,15478.0,285056.0
517,51700000.0,51800000.0,13819.0,343664.0
518,51800000.0,51900000.0,15092.0,286528.0
519,51900000.0,52000000.0,18506.0,477824.0
520,52000000.0,52100000.0,13513.0,293016.0
521,52100000.0,52200000.0,19207.0,419120.0
522,52200000.0,52300000.0,15734.0,256376.0
523,52300000.0,52400000.0,16409.0,412464.0
524,52400000.0,52500000.0,12767.0,304864.0
525,52500000.0,52600000.0,12815.0,254120.0
526,52600000.0,52700000.0,16580.0,374952.0
527,52700000.0,52800000.0,5242.0,117256.0
528,52800000.0,52900000.0,15391.0,327856.0
529,52900000.0,53000000.0,8410.0,145192.0
530,53000000.0,53100000.0,20351.0,471800.0
531,53100000.0,53200000.0,17224.0,450416.0
532,53200000.0,53300000.0,16109.0,312384.0
533,53300000.0,53400000.0,17064.0,436352.0
534,53400000.0,53500000.0,17632.0,349904.0
535,53500000.0,53600000.0,18361.0,461344.0
536,53600000.0,53700000.0,16934.0,315792.0
537,53700000.0,53800000.0,20995.0,495184.0
538,53800000.0,53900000.0,17650.0,346896.0
539,53900000.0,54000000.0,19190.0,489552.0
540,54000000.0,54100000.0,18842.0,482168.0
541,54100000.0,54200000.0,17106.0,323032.0
542,54200000.0,54300000.0,16486.0,407664.0
543,54300000.0,54400000.0,18071.0,339248.0
544,54400000.0,54500000.0,17445.0,467488.0
545,54500000.0,54600000.0,17505.0,337744.0
546,54600000.0,54700000.0,17667.0,459424.0
547,54700000.0,54800000.0,19205.0,476096.0
548,54800000.0,54900000.0,20517.0,406592.0
549,54900000.0,55000000.0,17065.0,434176.0
550,55000000.0,55100000.0,16377.0,308552.0
551,55100000.0,55200000.0,15271.0,411080.0
552,55200000.0,55300000.0,18544.0,352416.0
553,55300000.0,55400000.0,18696.0,485584.0
554,55400000.0,55500000.0,13320.0,268576.0
555,55500000.0,55600000.0,13893.0,334216.0
556,55600000.0,55700000.0,19459.0,464416.0
557,55700000.0,55800000.0,17046.0,343840.0
558,55800000.0,55900000.0,24939.0,570464.0
559,55900000.0,56000000.0,19888.0,382880.0
560,56000000.0,56100000.0,24312.0,587328.0
561,56100000.0,56200000.0,25393.0,472912.0
562,56200000.0,56300000.0,17095.0,527104.0
563,56300000.0,56400000.0,29209.0,679256.0
564,56400000.0,56500000.0,26277.0,499256.0
565,56500000.0,56600000.0,22625.0,587408.0
566,56600000.0,56700000.0,25314.0,484256.0
567,56700000.0,56800000.0,17049.0,479376.0
568,56800000.0,56900000.0,24680.0,459440.0
569,56900000.0,57000000.0,22293.0,620576.0
570,57000000.0,57100000.0,23544.0,427632.0
571,57100000.0,57200000.0,20070.0,523744.0
572,57200000.0,57300000.0,22176.0,576432.0
573,57300000.0,57400000.0,24238.0,455360.0
574,57400000.0,57500000.0,24955.0,633920.0
575,57500000.0,57600000.0,23088.0,425440.0
576,57600000.0,57700000.0,29059.0,682000.0
577,57700000.0,57800000.0,26083.0,554592.0
578,57800000.0,57900000.0,21753.0,543328.0
579,57900000.0,58000000.0,21475.0,539344.0
580,58000000.0,58100000.0,25488.0,485384.0
581,58100000.0,58200000.0,24528.0,614264.0
582,58200000.0,58300000.0,27460.0,511200.0
583,58300000.0,58400000.0,34680.0,857632.0
584,58400000.0,58500000.0,35312.0,650120.0
585,58500000.0,58600000.0,22779.0,563168.0
586,58600000.0,58700000.0,0.0,0.0
587,58700000.0,58800000.0,0.0,0.0
588,58800000.0,58900000.0,0.0,0.0
589,58900000.0,59000000.0,0.0,0.0
590,59000000.0,59100000.0,0.0,0.0
591,59100000.0,59200000.0,0.0,0.0
592,59200000.0,59300000.0,0.0,0.0
593,59300000.0,59400000.0,0.0,0.0
594,59400000.0,59500000.0,0.0,0.0
595,59500000.0,59600000.0,0.0,0.0
596,59600000.0,59700000.0,0.0,0.0
597,59700000.0,59800000.0,0.0,0.0
598,59800000.0,59900000.0,0.0,0.0
599,59900000.0,60000000.0,0.0,0.0
600,60000000.0,60100000.0,0.0,0.0
601,60100000.0,60200000.0,0.0,0.0
602,60200000.0,60300000.0,0.0,0.0
603,60300000.0,60400000.0,0.0,0.0
604,60400000.0,60500000.0,0.0,0.0
605,60500000.0,60600000.0,0.0,0.0
606,60600000.0,60700000.0,0.0,0.0
607,60700000.0,60800000.0,0.0,0.0
608,60800000.0,60900000.0,0.0,0.0
609,60900000.0,61000000.0,0.0,0.0
610,61000000.0,61100000.0,0.0,0.0
611,61100000.0,61200000.0,0.0,0.0
612,61200000.0,61300000.0,0.0,0.0
613,61300000.0,61400000.0,0.0,0.0
614,61400000.0,61500000.0,0.0,0.0
615,61500000.0,61600000.0,0.0,0.0
616,61600000.0,61700000.0,0.0,0.0
617,61700000.0,61800000.0,0.0,0.0
618,61800000.0,61900000.0,0.0,0.0
619,61900000.0,62000000.0,0.0,0.0
620,62000000.0,62100000.0,0.0,0.0
621,62100000.0,62200000.0,0.0,0.0
622,62200000.0,62300000.0,0.0,0.0
623,62300000.0,62400000.0,0.0,0.0
624,62400000.0,62500000.0,30170.0,763304.0
625,62500000.0,62600000.0,50612.0,1055584.0
626,62600000.0,62700000.0,47636.0,1143760.0
627,62700000.0,62800000.0,32682.0,843856.0
628,62800000.0,62900000.0,29554.0,576256.0
629,62900000.0,63000000.0,33636.0,815088.0
630,63000000.0,63100000.0,30117.0,571232.0
631,63100000.0,63200000.0,13725.0,381912.0
632,63200000.0,63300000.0,15085.0,300728.0
633,63300000.0,63400000.0,23334.0,589600.0
634,63400000.0,63500000.0,22949.0,439632.0
635,63500000.0,63600000.0,24602.0,642608.0
636,63600000.0,63700000.0,20772.0,506976.0
637,63700000.0,63800000.0,15092.0,296000.0
638,63800000.0,63900000.0,26469.0,625776.0
639,63900000.0,64000000.0,26793.0,505984.0
640,64000000.0,64100000.0,28525.0,724272.0
641,64100000.0,64200000.0,24828.0,464832.0
642,64200000.0,64300000.0,23179.0,572656.0
643,64300000.0,64400000.0,21938.0,610240.0
644,64400000.0,64500000.0,27579.0,550048.0
645,64500000.0,64600000.0,31751.0,802464.0
646,64600000.0,64700000.0,29404.0,547952.0
647,64700000.0,64800000.0,25085.0,664848.0
648,64800000.0,64900000.0,27700.0,517248.0
649,64900000.0,65000000.0,20931.0,569808.0
650,65000000.0,65100000.0,19694.0,376064.0
651,65100000.0,65200000.0,28393.0,700776.0
652,65200000.0,65300000.0,26146.0,645976.0
653,65300000.0,65400000.0,23736.0,440312.0
654,65400000.0,65500000.0,21335.0,534952.0
655,65500000.0,65600000.0,17788.0,331008.0
656,65600000.0,65700000.0,19597.0,471168.0
657,65700000.0,65800000.0,18615.0,361600.0
658,65800000.0,65900000.0,21616.0,553392.0
659,65900000.0,66000000.0,22731.0,570048.0
660,66000000.0,66100000.0,24637.0,476624.0
661,66100000.0,66200000.0,23612.0,624616.0
662,66200000.0,66300000.0,23894.0,455536.0
663,66300000.0,66400000.0,29576.0,749840.0
664,66400000.0,66500000.0,28626.0,540592.0
665,66500000.0,66600000.0,28687.0,672544.0
666,66600000.0,66700000.0,21993.0,423968.0
667,66700000.0,66800000.0,27532.0,699744.0
668,66800000.0,66900000.0,24673.0,663280.0
669,66900000.0,67000000.0,30725.0,564432.0
670,67000000.0,67100000.0,27784.0,692144.0
671,67100000.0,67200000.0,29272.0,548464.0
672,67200000.0,67300000.0,28376.0,735104.0
673,67300000.0,67400000.0,27009.0,499904.0
674,67400000.0,67500000.0,30359.0,715488.0
675,67500000.0,67600000.0,17206.0,481344.0
676,67600000.0,67700000.0,18651.0,355056.0
677,67700000.0,67800000.0,19212.0,523624.0
678,67800000.0,67900000.0,25419.0,481976.0
679,67900000.0,68000000.0,23337.0,576816.0
680,68000000.0,68100000.0,15981.0,319696.0
681,68100000.0,68200000.0,15613.0,415408.0
682,68200000.0,68300000.0,17518.0,329616.0
683,68300000.0,68400000.0,18275.0,448848.0
684,68400000.0,68500000.0,18303.0,448688.0
685,68500000.0,68600000.0,19014.0,370624.0
686,68600000.0,68700000.0,21079.0,534320.0
687,68700000.0,68800000.0,16575.0,318224.0
688,68800000.0,68900000.0,15473.0,427328.0
689,68900000.0,69000000.0,17386.0,324960.0
690,69000000.0,69100000.0,15233.0,397056.0
691,69100000.0,69200000.0,15995.0,303216.0
692,69200000.0,69300000.0,17034.0,431728.0
693,69300000.0,69400000.0,16924.0,438432.0
694,69400000.0,69500000.0,19910.0,372192.0
695,69500000.0,69600000.0,14260.0,373504.0
696,69600000.0,69700000.0,16829.0,317696.0
697,69700000.0,69800000.0,18052.0,470592.0
698,69800000.0,69900000.0,16694.0,328608.0
699,69900000.0,70000000.0,15722.0,383592.0
700,70000000.0,70100000.0,15427.0,444680.0
701,70100000.0,70200000.0,18018.0,350656.0
702,70200000.0,70300000.0,15627.0,394288.0
703,70300000.0,70400000.0,16993.0,318640.0
704,70400000.0,70500000.0,15132.0,420064.0
705,70500000.0,70600000.0,17790.0,342624.0
706,70600000.0,70700000.0,17903.0,462816.0
707,70700000.0,70800000.0,19216.0,352848.0
708,70800000.0,70900000.0,17774.0,477608.0
709,70900000.0,71000000.0,20245.0,498328.0
710,71000000.0,71100000.0,17654.0,329248.0
711,71100000.0,71200000.0,16683.0,474544.0
712,71200000.0,71300000.0,20516.0,390896.0
713,71300000.0,71400000.0,20240.0,506608.0
714,71400000.0,71500000.0,18992.0,360464.0
715,71500000.0,71600000.0,17117.0,433184.0
716,71600000.0,71700000.0,17007.0,344096.0
717,71700000.0,71800000.0,3647.0,108120.0
718,71800000.0,71900000.0,21624.0,453192.0
719,71900000.0,72000000.0,15694.0,304368.0
720,72000000.0,72100000.0,14321.0,370544.0
721,72100000.0,72200000.0,18018.0,341312.0
722,72200000.0,72300000.0,16080.0,444624.0
723,72300000.0,72400000.0,14842.0,294768.0
724,72400000.0,72500000.0,14945.0,363744.0
725,72500000.0,72600000.0,14839.0,367136.0
726,72600000.0,72700000.0,15723.0,295072.0
727,72700000.0,72800000.0,10771.0,284808.0
728,72800000.0,72900000.0,4992.0,103096.0
729,72900000.0,73000000.0,8193.0,255464.0
730,73000000.0,73100000.0,23610.0,423112.0
731,73100000.0,73200000.0,22730.0,551664.0
732,73200000.0,73300000.0,23406.0,605968.0
733,73300000.0,73400000.0,24415.0,463928.0
734,73400000.0,73500000.0,20649.0,567560.0
735,73500000.0,73600000.0,18105.0,355504.0
736,73600000.0,73700000.0,19322.0,474720.0
737,73700000.0,73800000.0,19211.0,372272.0
738,73800000.0,73900000.0,18578.0,467968.0
739,73900000.0,74000000.0,18659.0,366128.0
740,74000000.0,74100000.0,19013.0,478288.0
741,74100000.0,74200000.0,16537.0,435824.0
742,74200000.0,74300000.0,15989.0,307424.0
743,74300000.0,74400000.0,18107.0,447728.0
744,74400000.0,74500000.0,17344.0,332800.0
745,74500000.0,74600000.0,15819.0,423664.0
746,74600000.0,74700000.0,19810.0,367456.0
747,74700000.0,74800000.0,18810.0,486464.0
748,74800000.0,74900000.0,18980.0,477712.0
749,74900000.0,75000000.0,21750.0,404288.0
750,75000000.0,75100000.0,17141.0,497952.0
751,75100000.0,75200000.0,18101.0,342768.0
752,75200000.0,75300000.0,18810.0,498784.0
753,75300000.0,75400000.0,20864.0,381328.0
754,75400000.0,75500000.0,22217.0,550592.0
755,75500000.0,75600000.0,26515.0,503600.0
756,75600000.0,75700000.0,24764.0,669872.0
757,75700000.0,75800000.0,22111.0,605776.0
758,75800000.0,75900000.0,25046.0,473136.0
759,75900000.0,76000000.0,27707.0,688128.0
760,76000000.0,76100000.0,28214.0,524256.0
761,76100000.0,76200000.0,17960.0,571416.0
762,76200000.0,76300000.0,29556.0,545568.0
763,76300000.0,76400000.0,30354.0,770160.0
764,76400000.0,76500000.0,21543.0,591248.0
765,76500000.0,76600000.0,29341.0,561856.0
766,76600000.0,76700000.0,29076.0,767984.0
767,76700000.0,76800000.0,29947.0,554528.0
768,76800000.0,76900000.0,27669.0,705264.0
769,76900000.0,77000000.0,27669.0,525440.0
770,77000000.0,77100000.0,24967.0,643856.0
771,77100000.0,77200000.0,27293.0,528032.0
772,77200000.0,77300000.0,29531.0,726448.0
773,77300000.0,77400000.0,23261.0,564544.0
774,77400000.0,77500000.0,16495.0,313328.0
775,77500000.0,77600000.0,15118.0,391568.0
776,77600000.0,77700000.0,16026.0,302896.0
777,77700000.0,77800000.0,19948.0,484096.0
778,77800000.0,77900000.0,19425.0,371872.0
779,77900000.0,78000000.0,15423.0,418192.0
780,78000000.0,78100000.0,16660.0,420416.0
781,78100000.0,78200000.0,20171.0,385184.0
782,78200000.0,78300000.0,23091.0,558304.0
783,78300000.0,78400000.0,19081.0,375040.0
784,78400000.0,78500000.0,24674.0,585616.0
785,78500000.0,78600000.0,19154.0,371664.0
786,78600000.0,78700000.0,18698.0,472208.0
787,78700000.0,78800000.0,20155.0,378144.0
788,78800000.0,78900000.0,20801.0,533440.0
789,78900000.0,79000000.0,21774.0,576128.0
790,79000000.0,79100000.0,23573.0,435104.0
791,79100000.0,79200000.0,18108.0,524368.0
792,79200000.0,79300000.0,22243.0,426432.0
793,79300000.0,79400000.0,19545.0,495536.0
794,79400000.0,79500000.0,18636.0,365152.0
795,79500000.0,79600000.0,19050.0,491264.0
796,79600000.0,79700000.0,19659.0,499040.0
797,79700000.0,79800000.0,23256.0,446448.0
798,79800000.0,79900000.0,24669.0,663616.0
799,79900000.0,80000000.0,28230.0,530992.0
800,80000000.0,80100000.0,20265.0,542672.0
801,80100000.0,80200000.0,20612.0,392512.0
802,80200000.0,80300000.0,16614.0,449552.0
803,80300000.0,80400000.0,17983.0,336160.0
804,80400000.0,80500000.0,17795.0,464000.0
805,80500000.0,80600000.0,20338.0,498992.0
806,80600000.0,80700000.0,17775.0,356592.0
807,80700000.0,80800000.0,17619.0,449696.0
808,80800000.0,80900000.0,18016.0,351696.0
809,80900000.0,81000000.0,22397.0,512880.0
810,81000000.0,81100000.0,18703.0,349968.0
811,81100000.0,81200000.0,16482.0,434192.0
812,81200000.0,81300000.0,16615.0,449872.0
813,81300000.0,81400000.0,20272.0,380400.0
814,81400000.0,81500000.0,20563.0,515040.0
815,81500000.0,81600000.0,22021.0,418800.0
816,81600000.0,81700000.0,23305.0,598496.0
817,81700000.0,81800000.0,23837.0,453600.0
818,81800000.0,81900000.0,23502.0,606208.0
819,81900000.0,82000000.0,24567.0,457968.0
820,82000000.0,82100000.0,22223.0,591184.0
821,82100000.0,82200000.0,21582.0,541584.0
822,82200000.0,82300000.0,20488.0,390928.0
823,82300000.0,82400000.0,21345.0,534880.0
824,82400000.0,82500000.0,21405.0,412368.0
825,82500000.0,82600000.0,22260.0,588528.0
826,82600000.0,82700000.0,22317.0,414944.0
827,82700000.0,82800000.0,22607.0,583888.0
828,82800000.0,82900000.0,24886.0,613408.0
829,82900000.0,83000000.0,21767.0,419424.0
830,83000000.0,83100000.0,25031.0,605136.0
831,83100000.0,83200000.0,20424.0,400928.0
832,83200000.0,83300000.0,23773.0,570224.0
833,83300000.0,83400000.0,21823.0,423200.0
834,83400000.0,83500000.0,20810.0,524912.0
835,83500000.0,83600000.0,19114.0,359296.0
836,83600000.0,83700000.0,21030.0,522736.0
837,83700000.0,83800000.0,21775.0,530048.0
838,83800000.0,83900000.0,18151.0,346208.0
839,83900000.0,84000000.0,18895.0,494176.0
840,84000000.0,84100000.0,18710.0,344992.0
841,84100000.0,84200000.0,15464.0,396432.0
842,84200000.0,84300000.0,17396.0,333168.0
843,84300000.0,84400000.0,17394.0,461840.0
844,84400000.0,84500000.0,17656.0,449984.0
845,84500000.0,84600000.0,19259.0,376464.0
846,84600000.0,84700000.0,18203.0,473360.0
847,84700000.0,84800000.0,17823.0,351168.0
848,84800000.0,84900000.0,20433.0,508912.0
849,84900000.0,85000000.0,17826.0,345296.0
850,85000000.0,85100000.0,16663.0,424000.0
851,85100000.0,85200000.0,17417.0,342448.0
852,85200000.0,85300000.0,15334.0,397632.0
853,85300000.0,85400000.0,16311.0,446448.0
854,85400000.0,85500000.0,19339.0,365344.0
855,85500000.0,85600000.0,20542.0,512048.0
856,85600000.0,85700000.0,22484.0,442448.0
857,85700000.0,85800000.0,33299.0,766720.0
858,85800000.0,85900000.0,19490.0,385952.0
859,85900000.0,86000000.0,17290.0,444272.0
860,86000000.0,86100000.0,17689.0,330272.0
861,86100000.0,86200000.0,18369.0,470512.0
862,86200000.0,86300000.0,19542.0,497824.0
863,86300000.0,86400000.0,18702.0,372176.0
864,86400000.0,86500000.0,20159.0,483128.0
865,86500000.0,86600000.0,18729.0,352232.0
866,86600000.0,86700000.0,18342.0,467792.0
867,86700000.0,86800000.0,17037.0,332128.0
868,86800000.0,86900000.0,19254.0,471640.0
869,86900000.0,87000000.0,21449.0,559584.0
870,87000000.0,87100000.0,20235.0,401280.0
871,87100000.0,87200000.0,23944.0,616304.0
872,87200000.0,87300000.0,22042.0,428992.0
873,87300000.0,87400000.0,19956.0,500608.0
874,87400000.0,87500000.0,19082.0,371440.0
875,87500000.0,87600000.0,17811.0,444368.0
876,87600000.0,87700000.0,17784.0,337568.0
877,87700000.0,87800000.0,20876.0,535488.0
878,87800000.0,87900000.0,19870.0,510328.0
879,87900000.0,88000000.0,17812.0,351328.0
880,88000000.0,88100000.0,18845.0,469968.0
881,88100000.0,88200000.0,17359.0,343744.0
882,88200000.0,88300000.0,20683.0,540944.0
883,88300000.0,88400000.0,20688.0,410240.0
884,88400000.0,88500000.0,18883.0,495072.0
885,88500000.0,88600000.0,17947.0,472000.0
886,88600000.0,88700000.0,16746.0,327680.0
887,88700000.0,88800000.0,19189.0,475440.0
888,88800000.0,88900000.0,17781.0,382992.0
889,88900000.0,89000000.0,20661.0,504040.0
890,89000000.0,89100000.0,17834.0,339968.0
891,89100000.0,89200000.0,19683.0,586016.0
892,89200000.0,89300000.0,25006.0,469440.0
893,89300000.0,89400000.0,18486.0,488528.0
894,89400000.0,89500000.0,19800.0,506832.0
895,89500000.0,89600000.0,18556.0,360880.0
896,89600000.0,89700000.0,18141.0,472656.0
897,89700000.0,89800000.0,17735.0,339952.0
898,89800000.0,89900000.0,16420.0,431248.0
899,89900000.0,90000000.0,17293.0,331568.0
900,90000000.0,90100000.0,16737.0,433504.0
901,90100000.0,90200000.0,17483.0,480416.0
902,90200000.0,90300000.0,19958.0,389072.0
903,90300000.0,90400000.0,18799.0,477264.0
904,90400000.0,90500000.0,18573.0,356936.0
905,90500000.0,90600000.0,18474.0,475728.0
906,90600000.0,90700000.0,18190.0,350800.0
907,90700000.0,90800000.0,18877.0,467056.0
908,90800000.0,90900000.0,18940.0,363888.0
909,90900000.0,91000000.0,19368.0,496288.0
910,91000000.0,91100000.0,18914.0,486464.0
911,91100000.0,91200000.0,17156.0,329424.0
912,91200000.0,91300000.0,16518.0,425600.0
913,91300000.0,91400000.0,17161.0,331232.0
914,91400000.0,91500000.0,16406.0,446672.0
915,91500000.0,91600000.0,19491.0,369776.0
916,91600000.0,91700000.0,21246.0,517248.0
917,91700000.0,91800000.0,17841.0,461008.0
918,91800000.0,91900000.0,16930.0,323472.0
919,91900000.0,92000000.0,16955.0,437344.0
920,92000000.0,92100000.0,16391.0,328624.0
921,92100000.0,92200000.0,19072.0,491184.0
922,92200000.0,92300000.0,19014.0,360336.0
923,92300000.0,92400000.0,17456.0,481200.0
924,92400000.0,92500000.0,18927.0,357904.0
925,92500000.0,92600000.0,18215.0,465824.0
926,92600000.0,92700000.0,18111.0,462432.0
927,92700000.0,92800000.0,18309.0,357840.0
928,92800000.0,92900000.0,19402.0,507344.0
929,92900000.0,93000000.0,19243.0,373536.0
930,93000000.0,93100000.0,22349.0,547712.0
931,93100000.0,93200000.0,18040.0,339856.0
932,93200000.0,93300000.0,16027.0,439320.0
933,93300000.0,93400000.0,17471.0,444152.0
934,93400000.0,93500000.0,16961.0,324240.0
935,93500000.0,93600000.0,16208.0,441312.0
936,93600000.0,93700000.0,17762.0,333984.0
937,93700000.0,93800000.0,15654.0,403712.0
938,93800000.0,93900000.0,16871.0,320784.0
939,93900000.0,94000000.0,19992.0,497312.0
940,94000000.0,94100000.0,17847.0,344688.0
941,94100000.0,94200000.0,18581.0,467376.0
942,94200000.0,94300000.0,16738.0,426448.0
943,94300000.0,94400000.0,17087.0,330608.0
944,94400000.0,94500000.0,18085.0,486880.0
945,94500000.0,94600000.0,18998.0,366688.0
946,94600000.0,94700000.0,19216.0,484032.0
947,94700000.0,94800000.0,20188.0,382048.0
948,94800000.0,94900000.0,21517.0,526816.0
949,94900000.0,95000000.0,19286.0,498192.0
950,95000000.0,95100000.0,18729.0,370880.0
951,95100000.0,95200000.0,19508.0,498840.0
952,95200000.0,95300000.0,19798.0,375408.0
953,95300000.0,95400000.0,19802.0,495344.0
954,95400000.0,95500000.0,18958.0,364000.0
955,95500000.0,95600000.0,17538.0,469248.0
956,95600000.0,95700000.0,16700.0,322576.0
957,95700000.0,95800000.0,17303.0,437352.0
958,95800000.0,95900000.0,17633.0,449224.0
959,95900000.0,96000000.0,18043.0,350224.0
960,96000000.0,96100000.0,22407.0,528224.0
961,96100000.0,96200000.0,16940.0,324816.0
962,96200000.0,96300000.0,20337.0,502080.0
963,96300000.0,96400000.0,15678.0,309424.0
964,96400000.0,96500000.0,14987.0,391648.0
965,96500000.0,96600000.0,18024.0,472416.0
966,96600000.0,96700000.0,16725.0,318288.0
967,96700000.0,96800000.0,15503.0,407912.0
968,96800000.0,96900000.0,17829.0,337128.0
969,96900000.0,97000000.0,16141.0,422448.0
970,97000000.0,97100000.0,15599.0,296096.0
971,97100000.0,97200000.0,17574.0,433680.0
972,97200000.0,97300000.0,18091.0,379120.0
973,97300000.0,97400000.0,18680.0,478736.0
974,97400000.0,97500000.0,16076.0,417248.0
975,97500000.0,97600000.0,17166.0,325448.0
976,97600000.0,97700000.0,15264.0,414232.0
977,97700000.0,97800000.0,16050.0,310224.0
978,97800000.0,97900000.0,15239.0,410896.0
979,97900000.0,98000000.0,15766.0,305296.0
980,98000000.0,98100000.0,14999.0,393232.0
981,98100000.0,98200000.0,16125.0,404144.0
982,98200000.0,98300000.0,15957.0,322368.0
983,98300000.0,98400000.0,16699.0,466768.0
984,98400000.0,98500000.0,17934.0,340704.0
985,98500000.0,98600000.0,17853.0,446352.0
986,98600000.0,98700000.0,18129.0,348928.0
987,98700000.0,98800000.0,15892.0,437600.0
988,98800000.0,98900000.0,17161.0,326184.0
989,98900000.0,99000000.0,15142.0,390272.0
990,99000000.0,99100000.0,15184.0,394768.0
991,99100000.0,99200000.0,16360.0,315808.0
992,99200000.0,99300000.0,17178.0,421712.0
993,99300000.0,99400000.0,16072.0,311216.0
994,99400000.0,99500000.0,18421.0,461248.0
995,99500000.0,99600000.0,20723.0,392432.0
996,99600000.0,99700000.0,16544.0,452832.0
997,99700000.0,99800000.0,14985.0,406288.0
998,99800000.0,99900000.0,17835.0,334352.0
999,99900000.0,100000000.0,15083.0,407552.0
1000,100000000.0,100100000.0,16910.0,318432.0
1001,100100000.0,100200000.0,17901.0,420864.0
1002,100200000.0,100300000.0,16728.0,312080.0
1003,100300000.0,100400000.0,15556.0,393920.0
1004,100400000.0,100500000.0,14306.0,280744.0
1005,100500000.0,100600000.0,17112.0,413112.0
1006,100600000.0,100700000.0,15718.0,403152.0
1007,100700000.0,100800000.0,15731.0,303248.0
1008,100800000.0,100900000.0,15780.0,409056.0
1009,100900000.0,101000000.0,16955.0,326104.0
1010,101000000.0,101100000.0,19098.0,483848.0
1011,101100000.0,101200000.0,17621.0,343968.0
1012,101200000.0,101300000.0,16210.0,445952.0
1013,101300000.0,101400000.0,18321.0,484816.0
1014,101400000.0,101500000.0,17742.0,342992.0
1015,101500000.0,101600000.0,17859.0,423560.0
1016,101600000.0,101700000.0,13691.0,265544.0
1017,101700000.0,101800000.0,16783.0,428400.0
1018,101800000.0,101900000.0,17786.0,335360.0
1019,101900000.0,102000000.0,17387.0,441280.0
1020,102000000.0,102100000.0,19742.0,384496.0
1021,102100000.0,102200000.0,17588.0,388480.0
1022,102200000.0,102300000.0,5915.0,167896.0
1023,102300000.0,102400000.0,3948.0,80928.0
1024,102400000.0,102500000.0,7642.0,227672.0
1025,102500000.0,102600000.0,16495.0,307216.0
1026,102600000.0,102700000.0,14585.0,380256.0
1027,102700000.0,102800000.0,14234.0,278720.0
1028,102800000.0,102900000.0,15243.0,397120.0
1029,102900000.0,103000000.0,14101.0,272192.0
1030,103000000.0,103100000.0,18113.0,438128.0
1031,103100000.0,103200000.0,18555.0,467552.0
1032,103200000.0,103300000.0,16551.0,318752.0
1033,103300000.0,103400000.0,15315.0,389776.0
1034,103400000.0,103500000.0,14524.0,279776.0
1035,103500000.0,103600000.0,14134.0,356848.0
1036,103600000.0,103700000.0,15024.0,292896.0
1037,103700000.0,103800000.0,16548.0,417824.0
1038,103800000.0,103900000.0,19663.0,474416.0
1039,103900000.0,104000000.0,12063.0,258536.0
1040,104000000.0,104100000.0,14827.0,367856.0
1041,104100000.0,104200000.0,15458.0,293904.0
1042,104200000.0,104300000.0,16079.0,413376.0
1043,104300000.0,104400000.0,15519.0,298048.0
1044,104400000.0,104500000.0,15973.0,393440.0
1045,104500000.0,104600000.0,17064.0,317712.0
1046,104600000.0,104700000.0,18992.0,473712.0
1047,104700000.0,104800000.0,16568.0,410048.0
1048,104800000.0,104900000.0,18670.0,374160.0
1049,104900000.0,105000000.0,19350.0,503072.0
1050,105000000.0,105100000.0,19186.0,352480.0
1051,105100000.0,105200000.0,14720.0,404224.0
1052,105200000.0,105300000.0,15122.0,286208.0
1053,105300000.0,105400000.0,16536.0,405424.0
1054,105400000.0,105500000.0,14741.0,381728.0
1055,105500000.0,105600000.0,14395.0,273056.0
1056,105600000.0,105700000.0,14620.0,363856.0
1057,105700000.0,105800000.0,14219.0,286736.0
1058,105800000.0,105900000.0,15555.0,393824.0
1059,105900000.0,106000000.0,16101.0,302304.0
1060,106000000.0,106100000.0,17435.0,443264.0
1061,106100000.0,106200000.0,17181.0,335568.0
1062,106200000.0,106300000.0,14556.0,425016.0
1063,106300000.0,106400000.0,18149.0,426856.0
1064,106400000.0,106500000.0,17669.0,333200.0
1065,106500000.0,106600000.0,17049.0,433472.0
1066,106600000.0,106700000.0,14989.0,285664.0
1067,106700000.0,106800000.0,15585.0,389680.0
1068,106800000.0,106900000.0,15445.0,298880.0
1069,106900000.0,107000000.0,14925.0,380016.0
1070,107000000.0,107100000.0,15695.0,385152.0
1071,107100000.0,107200000.0,15701.0,301184.0
1072,107200000.0,107300000.0,14635.0,370592.0
1073,107300000.0,107400000.0,15066.0,290016.0
1074,107400000.0,107500000.0,15375.0,389392.0
1075,107500000.0,107600000.0,15194.0,292800.0
1076,107600000.0,107700000.0,17519.0,442424.0
1077,107700000.0,107800000.0,17183.0,329632.0
1078,107800000.0,107900000.0,14677.0,399632.0
1079,107900000.0,108000000.0,15304.0,395920.0
1080,108000000.0,108100000.0,15096.0,289760.0
1081,108100000.0,108200000.0,13870.0,343520.0
1082,108200000.0,108300000.0,14505.0,273776.0
1083,108300000.0,108400000.0,15210.0,393008.0
1084,108400000.0,108500000.0,15294.0,291872.0
1085,108500000.0,108600000.0,15613.0,396768.0
1086,108600000.0,108700000.0,14943.0,382336.0
1087,108700000.0,108800000.0,20699.0,397744.0
1088,108800000.0,108900000.0,20604.0,514992.0
1089,108900000.0,109000000.0,18793.0,360864.0
1090,109000000.0,109100000.0,24240.0,593888.0
1091,109100000.0,109200000.0,22728.0,431280.0
1092,109200000.0,109300000.0,22465.0,559856.0
1093,109300000.0,109400000.0,17347.0,335504.0
1094,109400000.0,109500000.0,14299.0,379408.0
1095,109500000.0,109600000.0,17538.0,417888.0
1096,109600000.0,109700000.0,15166.0,292304.0
1097,109700000.0,109800000.0,16351.0,410864.0
1098,109800000.0,109900000.0,16868.0,321744.0
1099,109900000.0,110000000.0,15398.0,415712.0
1100,110000000.0,110100000.0,16494.0,312768.0
1101,110100000.0,110200000.0,14162.0,374496.0
1102,110200000.0,110300000.0,13198.0,338704.0
1103,110300000.0,110400000.0,14141.0,270016.0
1104,110400000.0,110500000.0,15538.0,387440.0
1105,110500000.0,110600000.0,16423.0,344896.0
1106,110600000.0,110700000.0,21805.0,496112.0
1107,110700000.0,110800000.0,14366.0,295648.0
1108,110800000.0,110900000.0,16814.0,418640.0
1109,110900000.0,111000000.0,16262.0,315248.0
1110,111000000.0,111100000.0,15682.0,400032.0
1111,111100000.0,111200000.0,14032.0,373712.0
1112,111200000.0,111300000.0,15276.0,289344.0
1113,111300000.0,111400000.0,14829.0,376000.0
1114,111400000.0,111500000.0,15266.0,288800.0
1115,111500000.0,111600000.0,17822.0,433088.0
1116,111600000.0,111700000.0,16432.0,344272.0
1117,111700000.0,111800000.0,15733.0,402944.0
1118,111800000.0,111900000.0,14593.0,390096.0
1119,111900000.0,112000000.0,16479.0,313936.0
1120,112000000.0,112100000.0,15577.0,408480.0
1121,112100000.0,112200000.0,16735.0,318928.0
1122,112200000.0,112300000.0,15420.0,433224.0
1123,112300000.0,112400000.0,17741.0,332680.0
1124,112400000.0,112500000.0,18534.0,478624.0
1125,112500000.0,112600000.0,23290.0,457104.0
1126,112600000.0,112700000.0,15177.0,445728.0
1127,112700000.0,112800000.0,17245.0,417408.0
1128,112800000.0,112900000.0,15423.0,296432.0
1129,112900000.0,113000000.0,16974.0,441856.0
1130,113000000.0,113100000.0,16976.0,328016.0
1131,113100000.0,113200000.0,18147.0,459280.0
1132,113200000.0,113300000.0,15926.0,303768.0
1133,113300000.0,113400000.0,17461.0,439784.0
1134,113400000.0,113500000.0,18304.0,455472.0
1135,113500000.0,113600000.0,16261.0,311600.0
1136,113600000.0,113700000.0,16470.0,430000.0
1137,113700000.0,113800000.0,16798.0,322768.0
1138,113800000.0,113900000.0,16900.0,428432.0
1139,113900000.0,114000000.0,17378.0,341712.0
1140,114000000.0,114100000.0,17906.0,443120.0
1141,114100000.0,114200000.0,14551.0,275072.0
1142,114200000.0,114300000.0,12354.0,294496.0
1143,114300000.0,114400000.0,13493.0,325216.0
1144,114400000.0,114500000.0,16817.0,325968.0
1145,114500000.0,114600000.0,16379.0,424848.0
1146,114600000.0,114700000.0,16201.0,325664.0
1147,114700000.0,114800000.0,18704.0,471664.0
1148,114800000.0,114900000.0,17536.0,332064.0
1149,114900000.0,115000000.0,15403.0,384896.0
1150,115000000.0,115100000.0,14930.0,392736.0
1151,115100000.0,115200000.0,17391.0,324992.0
1152,115200000.0,115300000.0,16018.0,429168.0
1153,115300000.0,115400000.0,17693.0,383360.0
1154,115400000.0,115500000.0,18859.0,470976.0
1155,115500000.0,115600000.0,17882.0,351008.0
1156,115600000.0,115700000.0,19965.0,516304.0
1157,115700000.0,115800000.0,8296.0,203064.0
1158,115800000.0,115900000.0,8845.0,206360.0
1159,115900000.0,116000000.0,17702.0,491264.0
1160,116000000.0,116100000.0,20726.0,389744.0
1161,116100000.0,116200000.0,20316.0,504224.0
1162,116200000.0,116300000.0,18425.0,353824.0
1163,116300000.0,116400000.0,17380.0,442896.0
1164,116400000.0,116500000.0,16276.0,313728.0
1165,116500000.0,116600000.0,15256.0,423560.0
1166,116600000.0,116700000.0,16833.0,419088.0
1167,116700000.0,116800000.0,19471.0,381008.0
1168,116800000.0,116900000.0,20133.0,553200.0
1169,116900000.0,117000000.0,24941.0,469936.0
1170,117000000.0,117100000.0,20642.0,542176.0
1171,117100000.0,117200000.0,21774.0,433856.0
1172,117200000.0,117300000.0,21022.0,532944.0
1173,117300000.0,117400000.0,17814.0,353200.0
1174,117400000.0,117500000.0,21219.0,511640.0
1175,117500000.0,117600000.0,18579.0,476416.0
1176,117600000.0,117700000.0,16645.0,320304.0
1177,117700000.0,117800000.0,18951.0,494672.0
1178,117800000.0,117900000.0,19536.0,368528.0
1179,117900000.0,118000000.0,15378.0,432528.0
1180,118000000.0,118100000.0,19099.0,358272.0
1181,118100000.0,118200000.0,15857.0,432496.0
1182,118200000.0,118300000.0,16838.0,437776.0
1183,118300000.0,118400000.0,17272.0,335472.0
1184,118400000.0,118500000.0,19087.0,471280.0
1185,118500000.0,118600000.0,16224.0,314240.0
1186,118600000.0,118700000.0,16158.0,417040.0
1187,118700000.0,118800000.0,17254.0,335296.0
1188,118800000.0,118900000.0,17194.0,471040.0
1189,118900000.0,119000000.0,19877.0,373520.0
1190,119000000.0,119100000.0,16792.0,421328.0
1191,119100000.0,119200000.0,16599.0,425856.0
1192,119200000.0,119300000.0,15477.0,301728.0
1193,119300000.0,119400000.0,17565.0,433776.0
1194,119400000.0,119500000.0,18275.0,364424.0
1195,119500000.0,119600000.0,19327.0,496608.0
1196,119600000.0,119700000.0,18283.0,350960.0
1197,119700000.0,119800000.0,22028.0,539040.0
1198,119800000.0,119900000.0,19456.0,372896.0
1199,119900000.0,120000000.0,17859.0,478096.0
1200,120000000.0,120100000.0,12512.0,349952.0
1201,120100000.0,120200000.0,12814.0,250440.0
1202,120200000.0,120300000.0,14797.0,349336.0
1203,120300000.0,120400000.0,18396.0,357056.0
1204,120400000.0,120500000.0,15686.0,433552.0
1205,120500000.0,120600000.0,17139.0,326176.0
1206,120600000.0,120700000.0,17247.0,450736.0
1207,120700000.0,120800000.0,16060.0,436976.0
1208,120800000.0,120900000.0,12842.0,214472.0
1209,120900000.0,121000000.0,2250.0,110328.0
1210,121000000.0,121100000.0,14586.0,274080.0
1211,121100000.0,121200000.0,15108.0,390992.0
1212,121200000.0,121300000.0,16663.0,320264.0
1213,121300000.0,121400000.0,15173.0,394960.0
1214,121400000.0,121500000.0,16468.0,316336.0
1215,121500000.0,121600000.0,16587.0,413120.0
1216,121600000.0,121700000.0,16269.0,415056.0
1217,121700000.0,121800000.0,15984.0,317136.0
1218,121800000.0,121900000.0,17145.0,418192.0
1219,121900000.0,122000000.0,15656.0,302112.0
1220,122000000.0,122100000.0,17611.0,441648.0
1221,122100000.0,122200000.0,20182.0,377296.0
1222,122200000.0,122300000.0,20175.0,498336.0
1223,122300000.0,122400000.0,18616.0,476192.0
1224,122400000.0,122500000.0,17825.0,344784.0
1225,122500000.0,122600000.0,20205.0,516816.0
1226,122600000.0,122700000.0,18870.0,368320.0
1227,122700000.0,122800000.0,20329.0,516720.0
1228,122800000.0,122900000.0,18279.0,348784.0
1229,122900000.0,123000000.0,16554.0,435152.0
1230,123000000.0,123100000.0,17525.0,330128.0
1231,123100000.0,123200000.0,15189.0,378672.0
1232,123200000.0,123300000.0,13774.0,361488.0
1233,123300000.0,123400000.0,14223.0,271872.0
1234,123400000.0,123500000.0,13575.0,355344.0
1235,123500000.0,123600000.0,15338.0,291680.0
1236,123600000.0,123700000.0,15162.0,398208.0
1237,123700000.0,123800000.0,21274.0,398640.0
1238,123800000.0,123900000.0,24790.0,616592.0
1239,123900000.0,124000000.0,20181.0,515920.0
1240,124000000.0,124100000.0,17487.0,335488.0
1241,124100000.0,124200000.0,18967.0,466240.0
1242,124200000.0,124300000.0,16149.0,306720.0
1243,124300000.0,124400000.0,15367.0,394432.0
1244,124400000.0,124500000.0,15279.0,289968.0
1245,124500000.0,124600000.0,15034.0,389120.0
1246,124600000.0,124700000.0,14129.0,285552.0
1247,124700000.0,124800000.0,14704.0,373616.0
1248,124800000.0,124900000.0,14007.0,353536.0
1249,124900000.0,125000000.0,15188.0,294480.0
1250,125000000.0,125100000.0,15315.0,403808.0
1251,125100000.0,125200000.0,15190.0,297496.0
1252,125200000.0,125300000.0,21277.0,495816.0
1253,125300000.0,125400000.0,17998.0,338112.0
1254,125400000.0,125500000.0,15166.0,421520.0
1255,125500000.0,125600000.0,17304.0,443344.0
1256,125600000.0,125700000.0,16282.0,304496.0
1257,125700000.0,125800000.0,14798.0,375952.0
1258,125800000.0,125900000.0,15987.0,314656.0
1259,125900000.0,126000000.0,16849.0,428400.0
1260,126000000.0,126100000.0,17176.0,331872.0
1261,126100000.0,126200000.0,18525.0,455248.0
1262,126200000.0,126300000.0,17370.0,352896.0
1263,126300000.0,126400000.0,16480.0,422896.0
1264,126400000.0,126500000.0,16945.0,431984.0
1265,126500000.0,126600000.0,16268.0,308496.0
1266,126600000.0,126700000.0,16077.0,415680.0
1267,126700000.0,126800000.0,20049.0,388624.0
1268,126800000.0,126900000.0,18838.0,566816.0
1269,126900000.0,127000000.0,20220.0,378880.0
1270,127000000.0,127100000.0,15725.0,440320.0
1271,127100000.0,127200000.0,20076.0,529984.0
1272,127200000.0,127300000.0,22002.0,413840.0
1273,127300000.0,127400000.0,22035.0,520544.0
1274,127400000.0,127500000.0,17141.0,329616.0
1275,127500000.0,127600000.0,20543.0,531952.0
1276,127600000.0,127700000.0,17759.0,347088.0
1277,127700000.0,127800000.0,18530.0,460736.0
1278,127800000.0,127900000.0,17830.0,366512.0
1279,127900000.0,128000000.0,15682.0,406912.0
1280,128000000.0,128100000.0,15369.0,397536.0
1281,128100000.0,128200000.0,18787.0,369856.0
1282,128200000.0,128300000.0,18749.0,476672.0
1283,128300000.0,128400000.0,16433.0,314512.0
1284,128400000.0,128500000.0,14656.0,386960.0
1285,128500000.0,128600000.0,18584.0,340704.0
1286,128600000.0,128700000.0,16071.0,418176.0
1287,128700000.0,128800000.0,18278.0,444824.0
1288,128800000.0,128900000.0,14858.0,286928.0
1289,128900000.0,129000000.0,17171.0,419880.0
1290,129000000.0,129100000.0,16422.0,309248.0
1291,129100000.0,129200000.0,14599.0,368224.0
1292,129200000.0,129300000.0,17050.0,318368.0
1293,129300000.0,129400000.0,18788.0,498896.0
1294,129400000.0,129500000.0,17091.0,336128.0
1295,129500000.0,129600000.0,15675.0,390048.0
1296,129600000.0,129700000.0,16130.0,405600.0
1297,129700000.0,129800000.0,17367.0,330608.0
1298,129800000.0,129900000.0,17401.0,448800.0
1299,129900000.0,130000000.0,19389.0,366160.0
1300,130000000.0,130100000.0,16808.0,449344.0
1301,130100000.0,130200000.0,18198.0,348816.0
1302,130200000.0,130300000.0,16893.0,435440.0
1303,130300000.0,130400000.0,15099.0,389408.0
1304,130400000.0,130500000.0,16128.0,329056.0
1305,130500000.0,130600000.0,19541.0,477896.0
1306,130600000.0,130700000.0,14818.0,280208.0
1307,130700000.0,130800000.0,13364.0,353488.0
1308,130800000.0,130900000.0,14444.0,271328.0
1309,130900000.0,131000000.0,16490.0,414184.0
1310,131000000.0,131100000.0,15559.0,300408.0
1311,131100000.0,131200000.0,19172.0,449056.0
1312,131200000.0,131300000.0,14997.0,372992.0
1313,131300000.0,131400000.0,14979.0,285856.0
1314,131400000.0,131500000.0,17677.0,458016.0
1315,131500000.0,131600000.0,16755.0,323408.0
1316,131600000.0,131700000.0,17612.0,442704.0
1317,131700000.0,131800000.0,18182.0,339792.0
1318,131800000.0,131900000.0,15999.0,422128.0
1319,131900000.0,132000000.0,17146.0,424208.0
1320,132000000.0,132100000.0,14236.0,270864.0
1321,132100000.0,132200000.0,16581.0,402448.0
1322,132200000.0,132300000.0,15377.0,298512.0
1323,132300000.0,132400000.0,15547.0,380576.0
1324,132400000.0,132500000.0,13617.0,279088.0
1325,132500000.0,132600000.0,15819.0,389792.0
1326,132600000.0,132700000.0,14360.0,273696.0
1327,132700000.0,132800000.0,14939.0,374384.0
1328,132800000.0,132900000.0,16667.0,417904.0
1329,132900000.0,133000000.0,14755.0,291136.0
1330,133000000.0,133100000.0,15837.0,400976.0
1331,133100000.0,133200000.0,16384.0,315760.0
1332,133200000.0,133300000.0,16159.0,400000.0
1333,133300000.0,133400000.0,15353.0,298224.0
1334,133400000.0,133500000.0,18664.0,445760.0
1335,133500000.0,133600000.0,15100.0,397216.0
1336,133600000.0,133700000.0,14639.0,271904.0
1337,133700000.0,133800000.0,13082.0,345120.0
1338,133800000.0,133900000.0,14897.0,284256.0
1339,133900000.0,134000000.0,13678.0,363632.0
1340,134000000.0,134100000.0,16949.0,317760.0
1341,134100000.0,134200000.0,15815.0,396672.0
1342,134200000.0,134300000.0,16332.0,306608.0
1343,134300000.0,134400000.0,16370.0,412896.0
1344,134400000.0,134500000.0,15907.0,424176.0
1345,134500000.0,134600000.0,17786.0,343744.0
1346,134600000.0,134700000.0,14254.0,383104.0
1347,134700000.0,134800000.0,15537.0,296096.0
1348,134800000.0,134900000.0,16180.0,415504.0
1349,134900000.0,135000000.0,18691.0,349040.0
1350,135000000.0,135100000.0,14724.0,391112.0
1351,135100000.0,135200000.0,11648.0,287616.0
1352,135200000.0,135300000.0,11021.0,216616.0
1353,135300000.0,135400000.0,13688.0,350448.0
1354,135400000.0,135500000.0,15046.0,287984.0
1355,135500000.0,135600000.0,14037.0,386472.0
1356,135600000.0,135700000.0,18552.0,347896.0
1357,135700000.0,135800000.0,12528.0,296224.0
1358,135800000.0,135900000.0,6571.0,122192.0
1359,135900000.0,136000000.0,15737.0,389800.0
1360,136000000.0,136100000.0,15688.0,424976.0
1361,136100000.0,136200000.0,17150.0,332304.0
1362,136200000.0,136300000.0,16822.0,413680.0
1363,136300000.0,136400000.0,15771.0,301648.0
1364,136400000.0,136500000.0,17309.0,432544.0
1365,136500000.0,136600000.0,16021.0,308880.0
1366,136600000.0,136700000.0,14894.0,388656.0
1367,136700000.0,136800000.0,14699.0,282560.0
1368,136800000.0,136900000.0,20655.0,487008.0
1369,136900000.0,137000000.0,19760.0,501472.0
1370,137000000.0,137100000.0,17139.0,332704.0
1371,137100000.0,137200000.0,17391.0,436400.0
1372,137200000.0,137300000.0,14900.0,284064.0
1373,137300000.0,137400000.0,15967.0,405312.0
1374,137400000.0,137500000.0,15790.0,301552.0
1375,137500000.0,137600000.0,15964.0,410400.0
1376,137600000.0,137700000.0,17408.0,438528.0
1377,137700000.0,137800000.0,18021.0,338176.0
1378,137800000.0,137900000.0,14571.0,377984.0
1379,137900000.0,138000000.0,15593.0,297504.0
1380,138000000.0,138100000.0,16038.0,414920.0
1381,138100000.0,138200000.0,16546.0,320736.0
1382,138200000.0,138300000.0,18691.0,459168.0
1383,138300000.0,138400000.0,17078.0,329952.0
1384,138400000.0,138500000.0,15708.0,404576.0
1385,138500000.0,138600000.0,14575.0,381344.0
1386,138600000.0,138700000.0,13852.0,267360.0
1387,138700000.0,138800000.0,15162.0,385872.0
1388,138800000.0,138900000.0,15560.0,294832.0
1389,138900000.0,139000000.0,17010.0,433152.0
1390,139000000.0,139100000.0,16354.0,312912.0
1391,139100000.0,139200000.0,14743.0,406528.0
1392,139200000.0,139300000.0,15773.0,387008.0
1393,139300000.0,139400000.0,14314.0,275888.0
1394,139400000.0,139500000.0,15810.0,432560.0
1395,139500000.0,139600000.0,16833.0,318864.0
1396,139600000.0,139700000.0,14853.0,379408.0
1397,139700000.0,139800000.0,14446.0,281200.0
1398,139800000.0,139900000.0,16517.0,417680.0
1399,139900000.0,140000000.0,18592.0,352528.0
1400,140000000.0,140100000.0,18028.0,473008.0
1401,140100000.0,140200000.0,15133.0,415152.0
1402,140200000.0,140300000.0,17522.0,327744.0
1403,140300000.0,140400000.0,14737.0,427384.0
1404,140400000.0,140500000.0,17155.0,331192.0
1405,140500000.0,140600000.0,16719.0,418464.0
1406,140600000.0,140700000.0,15404.0,295808.0
1407,140700000.0,140800000.0,19531.0,473504.0
1408,140800000.0,140900000.0,16780.0,438720.0
1409,140900000.0,141000000.0,18282.0,382360.0
1410,141000000.0,141100000.0,18416.0,479072.0
1411,141100000.0,141200000.0,16305.0,323000.0
1412,141200000.0,141300000.0,19111.0,461552.0
1413,141300000.0,141400000.0,16061.0,315600.0
1414,141400000.0,141500000.0,17006.0,419920.0
1415,141500000.0,141600000.0,16980.0,325336.0
1416,141600000.0,141700000.0,20372.0,522392.0
1417,141700000.0,141800000.0,21963.0,582144.0
1418,141800000.0,141900000.0,17263.0,347424.0
1419,141900000.0,142000000.0,16989.0,449552.0
1420,142000000.0,142100000.0,17592.0,337200.0
1421,142100000.0,142200000.0,20297.0,485008.0
1422,142200000.0,142300000.0,16733.0,327184.0
1423,142300000.0,142400000.0,20654.0,503776.0
1424,142400000.0,142500000.0,19240.0,513440.0
1425,142500000.0,142600000.0,17836.0,343360.0
1426,142600000.0,142700000.0,17255.0,440992.0
1427,142700000.0,142800000.0,18038.0,344368.0
1428,142800000.0,142900000.0,19368.0,500800.0
1429,142900000.0,143000000.0,17207.0,352672.0
1430,143000000.0,143100000.0,16695.0,425968.0
1431,143100000.0,143200000.0,16211.0,314656.0
1432,143200000.0,143300000.0,19457.0,466608.0
1433,143300000.0,143400000.0,16891.0,432976.0
1434,143400000.0,143500000.0,16689.0,321744.0
1435,143500000.0,143600000.0,17460.0,444944.0
1436,143600000.0,143700000.0,16930.0,322712.0
1437,143700000.0,143800000.0,17839.0,457728.0
1438,143800000.0,143900000.0,17634.0,338992.0
1439,143900000.0,144000000.0,17199.0,448144.0
1440,144000000.0,144100000.0,17943.0,469672.0
1441,144100000.0,144200000.0,20562.0,391216.0
1442,144200000.0,144300000.0,18167.0,503640.0
1443,144300000.0,144400000.0,18707.0,360328.0
1444,144400000.0,144500000.0,10826.0,353488.0
1445,144500000.0,144600000.0,17421.0,336560.0
1446,144600000.0,144700000.0,19086.0,474560.0
1447,144700000.0,144800000.0,18332.0,353584.0
1448,144800000.0,144900000.0,18397.0,472736.0
1449,144900000.0,145000000.0,18083.0,459008.0
1450,145000000.0,145100000.0,17175.0,328224.0
1451,145100000.0,145200000.0,16641.0,424592.0
1452,145200000.0,145300000.0,16972.0,329504.0
1453,145300000.0,145400000.0,16821.0,433664.0
1454,145400000.0,145500000.0,19266.0,360960.0
1455,145500000.0,145600000.0,15922.0,436752.0
1456,145600000.0,145700000.0,16278.0,427136.0
1457,145700000.0,145800000.0,16479.0,322176.0
1458,145800000.0,145900000.0,17640.0,455856.0
1459,145900000.0,146000000.0,19279.0,367904.0
1460,146000000.0,146100000.0,18744.0,496960.0
1461,146100000.0,146200000.0,16470.0,313184.0
1462,146200000.0,146300000.0,18122.0,447632.0
1463,146300000.0,146400000.0,18935.0,359808.0
1464,146400000.0,146500000.0,18159.0,485544.0
1465,146500000.0,146600000.0,17151.0,456720.0
1466,146600000.0,146700000.0,17695.0,341984.0
1467,146700000.0,146800000.0,17626.0,426368.0
1468,146800000.0,146900000.0,16060.0,331232.0
1469,146900000.0,147000000.0,18327.0,475584.0
1470,147000000.0,147100000.0,19169.0,363776.0
1471,147100000.0,147200000.0,19705.0,493968.0
1472,147200000.0,147300000.0,20687.0,498544.0
1473,147300000.0,147400000.0,17037.0,345152.0
1474,147400000.0,147500000.0,18088.0,478928.0
1475,147500000.0,147600000.0,19331.0,375440.0
1476,147600000.0,147700000.0,18014.0,470000.0
1477,147700000.0,147800000.0,15786.0,302368.0
1478,147800000.0,147900000.0,17048.0,425392.0
1479,147900000.0,148000000.0,17961.0,346440.0
1480,148000000.0,148100000.0,16108.0,437704.0
1481,148100000.0,148200000.0,18950.0,447648.0
1482,148200000.0,148300000.0,15433.0,313040.0
1483,148300000.0,148400000.0,19987.0,469456.0
1484,148400000.0,148500000.0,15446.0,306016.0
1485,148500000.0,148600000.0,15699.0,400992.0
1486,148600000.0,148700000.0,14314.0,277936.0
1487,148700000.0,148800000.0,16209.0,397488.0
1488,148800000.0,148900000.0,14418.0,371184.0
1489,148900000.0,149000000.0,15035.0,285728.0
1490,149000000.0,149100000.0,14558.0,384400.0
1491,149100000.0,149200000.0,18246.0,342648.0
1492,149200000.0,149300000.0,15611.0,447896.0
1493,149300000.0,149400000.0,19155.0,360768.0
1494,149400000.0,149500000.0,18465.0,459552.0
1495,149500000.0,149600000.0,15464.0,296560.0
1496,149600000.0,149700000.0,13749.0,350224.0
1497,149700000.0,149800000.0,11962.0,341760.0
1498,149800000.0,149900000.0,14975.0,309560.0
1499,149900000.0,150000000.0,17924.0,443536.0
1500,150000000.0,150100000.0,15484.0,295984.0
1501,150100000.0,150200000.0,15510.0,395648.0
1502,150200000.0,150300000.0,16321.0,308752.0
1503,150300000.0,150400000.0,17484.0,450928.0
1504,150400000.0,150500000.0,16349.0,441264.0
1505,150500000.0,150600000.0,16203.0,308272.0
1506,150600000.0,150700000.0,13914.0,365632.0
1507,150700000.0,150800000.0,16596.0,316240.0
1508,150800000.0,150900000.0,16934.0,444000.0
1509,150900000.0,151000000.0,19175.0,376432.0
1510,151000000.0,151100000.0,17755.0,481568.0
1511,151100000.0,151200000.0,16430.0,313792.0
1512,151200000.0,151300000.0,17143.0,431840.0
1513,151300000.0,151400000.0,17540.0,439840.0
1514,151400000.0,151500000.0,15641.0,312288.0
1515,151500000.0,151600000.0,18241.0,444080.0
1516,151600000.0,151700000.0,16658.0,335760.0
1517,151700000.0,151800000.0,18507.0,461680.0
1518,151800000.0,151900000.0,15964.0,305424.0
1519,151900000.0,152000000.0,17084.0,437368.0
1520,152000000.0,152100000.0,17842.0,459888.0
1521,152100000.0,152200000.0,18176.0,343744.0
1522,152200000.0,152300000.0,19447.0,488704.0
1523,152300000.0,152400000.0,17151.0,327856.0
1524,152400000.0,152500000.0,16747.0,421392.0
1525,152500000.0,152600000.0,16569.0,314128.0
1526,152600000.0,152700000.0,13727.0,362208.0
1527,152700000.0,152800000.0,13396.0,245056.0
1528,152800000.0,152900000.0,15608.0,378968.0
1529,152900000.0,153000000.0,17395.0,430440.0
1530,153000000.0,153100000.0,15216.0,293168.0
1531,153100000.0,153200000.0,11949.0,328144.0
1532,153200000.0,153300000.0,13977.0,273912.0
1533,153300000.0,153400000.0,22867.0,511584.0
1534,153400000.0,153500000.0,18302.0,451616.0
1535,153500000.0,153600000.0,18578.0,480720.0
1536,153600000.0,153700000.0,20116.0,392256.0
1537,153700000.0,153800000.0,19738.0,515456.0
1538,153800000.0,153900000.0,18667.0,487872.0
1539,153900000.0,154000000.0,20941.0,398640.0
1540,154000000.0,154100000.0,19059.0,508464.0
1541,154100000.0,154200000.0,11260.0,228016.0
1542,154200000.0,154300000.0,6625.0,231296.0
1543,154300000.0,154400000.0,19608.0,366088.0
1544,154400000.0,154500000.0,19990.0,516664.0
1545,154500000.0,154600000.0,16091.0,379800.0
1546,154600000.0,154700000.0,12402.0,249064.0
1547,154700000.0,154800000.0,15214.0,379520.0
1548,154800000.0,154900000.0,14729.0,276048.0
1549,154900000.0,155000000.0,13727.0,352512.0
1550,155000000.0,155100000.0,15451.0,283312.0
1551,155100000.0,155200000.0,16492.0,409504.0
1552,155200000.0,155300000.0,16268.0,317376.0
1553,155300000.0,155400000.0,9993.0,311808.0
1554,155400000.0,155500000.0,11131.0,318472.0
1555,155500000.0,155600000.0,18857.0,336344.0
1556,155600000.0,155700000.0,14661.0,426592.0
1557,155700000.0,155800000.0,23634.0,438560.0
1558,155800000.0,155900000.0,26132.0,650736.0
1559,155900000.0,156000000.0,25948.0,489560.0
